16th,2008,66138,7.7
16th,2013,61811,1.8
Quarter Final,2003,41542,6.6
Semi Final,1983,57093,3.0
Final,2003,54968,3.6
Final,1990,57769,6.2
Quarter Final,1990,72111,1.3
Quarter Final,2007,79718,5.4
Final,2014,44524,3.0
Quarter Final,1995,21142,6.7
16th,1996,20599,8.1
Semi Final,2008,75890,2.8
Final,1984,63387,6.6
Group Stage,2000,79875,9.4
Group Stage,1982,24425,3.8
32nd,2014,29043,2.4
Group Stage,1998,85178,9.0
Final,2008,89876,5.4
Final,1986,77477,3.0
32nd,2012,46828,8.8
Final,1999,46729,1.2
Semi Final,1993,87411,9.1
Quarter Final,1982,28624,3.2
Semi Final,2004,21700,2.8
Semi Final,2002,59375,7.7
Semi Final,2003,71447,5.5
Group Stage,2005,20003,7.5
32nd,2013,34726,2.2
16th,1998,76522,7.6
Semi Final,2000,42326,8.3
Quarter Final,1981,23860,8.2
Group Stage,1994,88149,7.5
Quarter Final,2007,73782,8.4
32nd,1986,57366,9.6
32nd,1981,83613,2.8
Group Stage,1993,68753,4.8
32nd,1995,69424,3.6
Final,1988,31286,8.3
Final,1994,64669,7.8
Final,2003,62002,5.7
Group Stage,1993,76499,2.3
16th,1983,33005,8.6
Quarter Final,1987,29946,6.8
Group Stage,1999,85631,5.1
16th,1991,24835,7.0
Quarter Final,1983,43203,1.4
32nd,2000,48441,6.7
Group Stage,2008,34278,3.5
Semi Final,1982,52824,5.4
Final,2009,48736,7.9
Final,2012,48651,9.2
Group Stage,2000,88568,6.2
32nd,1992,23384,2.2
Quarter Final,1995,40794,1.9
Group Stage,2004,64420,6.7
Group Stage,2002,47317,8.9
Group Stage,2004,74891,2.0
Group Stage,1987,79184,1.1
16th,1980,43665,4.6
Group Stage,1995,26831,4.1
Group Stage,2002,68832,8.9
Quarter Final,1997,44582,2.6
16th,1985,32212,5.1
16th,2000,47446,9.6
Quarter Final,2013,63589,1.6
32nd,1992,63346,4.1
16th,1988,82467,4.0
Semi Final,1997,68301,1.3
Quarter Final,1994,67776,6.6
Group Stage,1986,29485,8.2
Semi Final,1998,46819,6.8
Quarter Final,1981,27146,4.9
32nd,1980,26548,3.2
Final,2012,79351,1.1
Group Stage,1998,70916,2.6
16th,1984,86952,7.5
Semi Final,2015,67442,3.5
32nd,2012,39907,6.0
16th,2010,20423,2.9
16th,2008,27320,7.3
Semi Final,1981,53825,5.3
32nd,2015,59048,8.1
Final,1989,32094,2.6
Semi Final,2012,50752,4.5
16th,1995,32468,3.9
Semi Final,2003,35275,3.8
Group Stage,1988,66579,5.0
Semi Final,2011,35836,6.2
Semi Final,1987,47217,4.3
16th,1981,47036,8.2
Semi Final,2012,21770,3.7
Semi Final,2004,67005,6.5
Semi Final,2013,60333,2.8
Semi Final,1999,50935,6.7
16th,2001,46560,9.9
Group Stage,1993,73230,6.2
32nd,2004,77231,9.8
Quarter Final,1991,28669,8.3
Quarter Final,1990,83144,2.3
Semi Final,1988,31328,2.5
Final,1984,74114,2.7
Final,2000,50727,9.4
Quarter Final,2014,34533,5.3
Group Stage,2013,27760,9.6
Final,1997,53656,1.6
Final,1986,73716,1.5
32nd,1996,84188,7.2
Final,1995,72698,1.5
Quarter Final,2001,87804,3.2
Semi Final,1999,55755,6.1
Quarter Final,2011,77172,6.4
Quarter Final,2012,63308,1.8
Quarter Final,1998,31781,8.9
Quarter Final,2007,56057,5.1
Semi Final,2009,44682,3.1
Semi Final,1990,65625,4.7
Final,2009,87331,4.5
32nd,2007,63674,5.9
32nd,2005,33807,5.8
32nd,1991,35999,4.1
Quarter Final,2000,87891,4.6
32nd,1993,32439,1.1
Final,1987,71941,6.3
Final,1993,35269,5.9
Quarter Final,2001,80331,3.5
Semi Final,1998,60277,2.0
16th,1996,77088,6.0
16th,2012,59395,2.0
16th,1981,69625,6.4
16th,1999,26971,5.1
Quarter Final,2001,53559,4.0
Semi Final,2010,20419,8.0
Group Stage,1991,52102,9.4
Group Stage,1995,21060,9.2
Semi Final,1995,68785,9.2
32nd,2015,54093,1.4
Group Stage,1984,40989,6.6
16th,1988,76505,2.6
Group Stage,1992,86791,6.9
Final,2012,54948,8.5
Final,1994,54642,9.5
Semi Final,1999,81277,4.1
Semi Final,2008,51116,8.3
Final,1990,57613,9.8
Group Stage,2010,42507,2.1
16th,2009,52959,8.1
32nd,2005,20000,9.4
Group Stage,2013,29479,1.8
32nd,2000,62616,1.2
Quarter Final,1982,65935,1.1
32nd,1981,38516,4.0
Final,1986,87590,4.2
Group Stage,1992,31417,8.7
16th,2002,45895,1.7
Group Stage,2011,45375,9.9
Quarter Final,2015,59147,5.8
Group Stage,1997,23225,9.3
Group Stage,1998,81244,4.4
16th,1987,80716,4.7
Final,1986,50325,5.8
32nd,2015,76902,4.3
Semi Final,1992,21586,7.5
Group Stage,1989,30943,2.4
16th,1988,64077,2.2
16th,1994,29873,8.4
Semi Final,1997,56382,2.3
Final,1981,76190,3.1
Final,2003,59434,6.9
32nd,2007,26893,1.8
Semi Final,2015,50166,1.2
Group Stage,1999,34036,7.6
Semi Final,2011,38632,7.1
16th,2000,57503,1.1
Quarter Final,1997,72989,8.0
32nd,1989,46290,4.6
Quarter Final,1989,26496,6.6
Group Stage,1993,42752,4.4
Quarter Final,2007,85088,7.8
Quarter Final,2000,37793,1.2
Final,1984,42352,4.4
16th,2012,77959,3.1
Quarter Final,1987,88240,8.1
Quarter Final,1995,59893,3.0
Group Stage,1982,81914,2.3
Group Stage,1980,77084,5.6
32nd,2005,73601,5.4
Group Stage,2003,40355,4.5
16th,1989,37095,6.9
16th,1996,50004,1.5
16th,1992,57873,7.8
Semi Final,1990,47399,1.5
Final,1985,43340,2.5
Quarter Final,2006,40970,5.9
16th,1998,73359,4.5
Group Stage,1982,62419,9.0
Quarter Final,2014,48448,2.4
Quarter Final,2010,42618,3.3
Final,1982,79841,1.0
32nd,2009,78150,1.7
Semi Final,2006,42121,9.3
32nd,2003,29355,9.7
Final,1993,28532,9.9
Quarter Final,1992,27580,1.0
32nd,2014,58824,3.2
Semi Final,1999,87899,7.4
Quarter Final,1993,76824,2.6
16th,2015,87832,2.8
Final,2014,78753,7.8
Group Stage,1996,58673,2.3
Semi Final,2005,44292,4.8
32nd,1988,66737,2.4
Group Stage,1981,41330,9.8
Quarter Final,1983,49490,6.5
Quarter Final,1999,54554,2.2
Semi Final,2005,35957,7.4
32nd,2002,46977,7.2
32nd,2007,86770,5.3
16th,1998,49622,8.0
Quarter Final,2012,62603,4.3
Semi Final,2001,29515,5.8
Group Stage,1985,27528,1.8
Semi Final,2012,73582,3.2
Semi Final,2005,32646,6.2
Quarter Final,2005,84736,4.0
Quarter Final,1986,84898,4.2
32nd,2004,54045,2.3
Semi Final,2004,72845,4.1
Semi Final,1992,68545,2.3
16th,1990,57245,6.3
32nd,1983,58809,3.6
Quarter Final,2009,59251,5.5
16th,1989,84405,3.6
Final,2014,70211,4.3
Final,2002,53336,5.7
Semi Final,2010,49085,3.3
Quarter Final,1980,25439,6.8
Group Stage,2010,52547,8.7
Final,2014,47821,9.1
32nd,1995,84864,3.3
Quarter Final,2009,44300,9.6
Quarter Final,2003,68412,4.4
Final,2011,82632,9.2
16th,2001,77284,3.0
Group Stage,2001,52930,1.4
Group Stage,1999,58605,9.0
16th,1991,30482,3.6
32nd,1996,50570,3.6
Semi Final,1984,39058,9.6
Semi Final,1995,89800,9.9
32nd,1998,27723,3.1
Group Stage,2010,64720,6.7
32nd,1998,39676,6.1
16th,2001,52308,3.9
Final,1980,20369,8.9
Quarter Final,1982,37184,7.8
16th,1993,32566,7.4
Final,2009,30018,4.1
32nd,1984,37882,6.1
Quarter Final,1990,55114,5.0
Group Stage,1996,71968,7.2
Group Stage,1999,24741,5.2
Final,1989,66413,9.6
32nd,1985,40804,7.0
16th,1985,83558,3.8
Semi Final,1998,41910,4.6
Quarter Final,2013,31433,7.6
Final,2014,54571,1.7
16th,1997,39785,4.7
Final,2000,73186,5.5
Quarter Final,1982,80786,5.0
Group Stage,2008,83025,8.5
16th,1986,44606,8.2
16th,1980,38591,5.0
32nd,2010,50363,8.2
Quarter Final,1994,47458,7.4
16th,1984,66597,8.0
Group Stage,1987,78234,1.3
Semi Final,1988,59046,8.4
Quarter Final,2011,72692,1.3
Quarter Final,2000,62084,1.3
Group Stage,2009,42062,8.9
Quarter Final,1986,62379,1.7
Semi Final,2005,84947,9.7
16th,1983,22643,6.8
16th,2005,46198,3.1
Quarter Final,2014,62631,5.7
32nd,1980,89162,3.7
16th,1981,67013,8.6
Semi Final,1988,81458,3.4
Group Stage,1993,49082,5.3
Semi Final,1999,49317,6.3
Semi Final,2013,59519,5.9
32nd,1987,86335,9.9
Group Stage,1984,33102,8.9
16th,2008,66175,8.5
16th,1986,44682,5.2
Semi Final,1985,59755,7.5
Final,2007,87496,5.7
Final,2008,58990,2.7
Final,1981,44391,7.1
Final,2011,51541,1.1
Final,1985,41383,8.0
32nd,1981,75859,7.0
32nd,2011,80203,8.2
Final,1984,62565,8.1
16th,2006,57003,7.9
32nd,1989,47047,5.4
Group Stage,1992,42128,6.5
32nd,1992,83860,2.4
Group Stage,2002,26163,5.1
Semi Final,2013,79762,3.6
32nd,2008,79943,5.7
16th,1986,75521,2.6
16th,2014,62539,7.3
Final,2003,31548,2.7
32nd,1981,78779,3.7
Quarter Final,1980,37469,8.3
16th,1993,70705,3.8
Final,1989,33934,5.9
32nd,1989,45168,2.7
Quarter Final,2009,86490,4.7
16th,1982,64863,5.5
Group Stage,1981,27745,3.3
16th,1980,81739,4.2
Quarter Final,2000,53535,7.8
Group Stage,1989,70469,2.0
Group Stage,2013,68089,5.0
32nd,1983,49785,4.4
Final,1985,87212,9.9
Quarter Final,1991,75863,5.4
Group Stage,2004,45089,7.2
32nd,2015,69099,10.0
Quarter Final,2013,49511,6.0
16th,1987,79479,7.5
Quarter Final,2012,81716,3.7
32nd,1981,58726,5.6
Group Stage,2008,64896,5.6
Final,2012,76848,8.6
16th,1986,51182,9.9
16th,1982,52748,6.3
Final,1984,72045,8.3
Final,2015,30958,8.2
Final,1985,44419,5.3
Final,2000,24917,4.6
Quarter Final,1980,43918,5.1
Quarter Final,2010,66747,1.8
Semi Final,1998,82241,6.3
Group Stage,2007,67518,9.5
Quarter Final,2005,86081,4.8
Final,2009,22278,8.7
Quarter Final,2015,40043,1.9
Semi Final,2008,49463,8.7
32nd,2007,63654,4.4
32nd,2004,83431,8.4
Group Stage,1986,46629,8.7
16th,1986,21918,5.1
Group Stage,1998,25736,8.6
32nd,1998,71390,7.1
Group Stage,2001,54216,6.1
Quarter Final,1986,83595,6.2
16th,2003,41542,1.6
32nd,1999,78815,7.4
Quarter Final,2006,50735,4.8
32nd,1995,22824,6.4
Quarter Final,2010,46186,6.5
Quarter Final,2015,55755,3.2
Group Stage,2002,87795,7.1
Quarter Final,1992,81150,1.9
Quarter Final,1992,83327,1.7
32nd,2014,83789,8.1
Final,1996,80455,7.6
32nd,2010,39526,3.6
16th,2002,80114,9.4
Semi Final,2003,61714,5.2
16th,1980,74543,6.5
Semi Final,1986,52923,1.1
Semi Final,1991,33770,7.5
Group Stage,1998,31100,2.1
Group Stage,1982,40794,5.9
16th,1982,37340,1.6
Semi Final,1987,31436,5.1
32nd,2002,43432,2.9
16th,2004,38562,8.2
16th,1981,40742,6.5
Final,1985,79510,8.9
Group Stage,1997,71093,1.9
Quarter Final,2013,88080,5.0
Quarter Final,2004,50771,4.1
Quarter Final,2015,78699,1.1
Group Stage,1983,65675,7.8
Final,1980,27981,6.3
Quarter Final,2006,39190,3.7
Quarter Final,2014,88864,9.4
Group Stage,1987,47277,10.0
Quarter Final,2001,85920,6.5
Group Stage,1986,27341,7.5
Final,2002,66716,7.2
Semi Final,1995,56524,6.8
Quarter Final,1997,75772,9.5
32nd,1999,68615,8.1
16th,1995,74570,4.2
Semi Final,1984,45552,8.2
Final,1999,44666,9.2
Semi Final,2004,22705,8.9
Group Stage,1992,82326,9.3
Semi Final,2009,20831,1.8
32nd,1991,77941,5.2
Semi Final,2001,81645,4.5
Semi Final,1985,52408,6.8
Semi Final,1999,65482,5.8
Final,1993,70819,1.1
Semi Final,2007,38851,8.7
Quarter Final,1994,49521,4.9
Quarter Final,2014,51415,8.7
Final,1982,60694,2.7
Group Stage,2010,43450,1.7
Final,1999,62317,2.9
32nd,1996,89857,4.6
16th,1984,67883,1.2
Semi Final,2010,51480,2.9
Semi Final,1996,26622,2.2
Quarter Final,1985,65400,7.6
Group Stage,1992,29501,4.6
Final,1988,29988,2.1
Semi Final,1986,43771,1.8
Semi Final,2012,65214,7.8
Semi Final,1984,31571,1.9
Group Stage,1986,32485,9.3
Group Stage,2012,63955,6.5
32nd,1980,57693,7.7
16th,2015,86409,7.4
Group Stage,2010,56896,2.4
Group Stage,2005,60375,5.7
Semi Final,1988,70204,7.4
Semi Final,1984,69689,6.9
16th,2015,66602,4.9
Final,1988,83063,1.6
16th,1994,84887,4.8
Quarter Final,1995,33818,8.4
Group Stage,2006,56689,5.2
Quarter Final,2000,85535,3.5
Group Stage,2007,21676,9.7
Semi Final,2008,34741,1.1
32nd,2004,67608,9.8
Group Stage,2012,72474,4.6
Final,2012,28593,1.2
Quarter Final,2013,35108,9.9
32nd,1992,86259,7.3
Final,2000,35137,9.1
Quarter Final,1995,89424,2.3
Quarter Final,1999,36623,2.1
Semi Final,2000,22413,9.2
32nd,1983,55671,1.1
Quarter Final,2010,68108,5.1
Quarter Final,2002,31307,4.8
Semi Final,2005,36591,9.6
Semi Final,1995,86558,4.1
Semi Final,1998,51983,2.4
Final,1983,30679,4.0
Quarter Final,2009,24318,5.6
32nd,1992,87860,1.1
Semi Final,1991,80546,2.8
Group Stage,2006,21374,1.8
32nd,1994,89046,5.5
16th,2010,25103,6.4
Quarter Final,1997,27502,9.0
Group Stage,1993,64932,4.0
Semi Final,2008,61971,2.6
Final,1989,77649,5.5
32nd,1999,28178,2.4
32nd,1987,32417,5.2
Group Stage,2001,60235,1.8
Group Stage,1981,88425,8.0
Quarter Final,1982,46815,9.1
32nd,2014,35378,6.2
32nd,1993,61136,3.3
32nd,2015,59567,9.2
Final,1989,59598,3.5
32nd,2001,65224,3.8
32nd,1994,46846,2.7
Quarter Final,1995,84172,5.6
Group Stage,2000,71772,4.8
Group Stage,2011,73519,5.9
32nd,1981,39297,9.1
32nd,2011,41029,2.2
Semi Final,2006,33319,4.9
Quarter Final,1980,35151,6.5
Final,2007,86382,4.1
32nd,2010,86230,1.4
Semi Final,2001,85497,3.0
16th,1985,81278,1.6
Semi Final,1986,30988,9.6
Semi Final,1990,39307,6.9
Semi Final,2011,54598,9.7
32nd,1990,27819,5.5
Semi Final,2002,38316,9.5
Final,2014,20372,7.9
Semi Final,2000,49975,5.6
32nd,1981,25153,6.4
Group Stage,2012,38358,2.2
Semi Final,2006,52249,7.3
Group Stage,1990,39442,8.3
Quarter Final,1993,63331,3.9
Quarter Final,1985,89740,1.3
16th,2012,79511,1.9
Group Stage,1997,61897,5.4
32nd,2013,33513,6.6
32nd,1983,54762,3.7
Semi Final,2013,78591,4.9
Final,1990,47273,1.7
16th,2014,78254,6.2
32nd,1989,70933,9.7
32nd,2015,26544,5.6
Group Stage,2010,37760,8.2
32nd,1980,84589,3.1
Quarter Final,1996,36614,5.8
16th,2007,40680,1.3
Group Stage,2000,36511,3.4
32nd,1986,88728,1.3
32nd,2007,20430,1.5
Quarter Final,2014,25227,8.3
Quarter Final,1984,51107,8.9
16th,2000,47279,8.1
Semi Final,2010,28656,4.0
32nd,2001,66487,8.3
16th,1997,48532,7.0
Group Stage,2012,25522,6.2
32nd,1990,78165,7.6
32nd,2015,70171,6.7
Quarter Final,1981,49244,5.7
32nd,2009,44316,2.1
Final,2008,59260,6.6
16th,2005,75563,6.8
16th,2000,31357,9.1
32nd,1982,56565,1.9
Final,2012,29296,4.8
32nd,1980,27268,8.0
Quarter Final,2009,71250,4.2
32nd,1991,38796,2.8
Semi Final,2005,48788,7.5
Final,1990,64634,9.6
Final,1982,45902,8.1
32nd,1991,50734,7.1
Final,1989,42985,5.3
32nd,1984,23636,2.9
16th,2008,73839,6.9
Group Stage,1985,67332,3.8
Semi Final,1981,81060,3.3
Semi Final,1982,57300,6.3
Quarter Final,2009,67092,6.4
16th,2004,34516,7.2
16th,2008,65319,9.1
32nd,2010,27621,8.6
Final,1999,40303,8.8
32nd,2010,81751,8.2
16th,2001,87102,3.6
16th,2009,67503,1.6
Final,2015,52000,6.6
Final,1991,46287,1.8
32nd,2001,28302,1.5
16th,2012,83717,9.4
Semi Final,2005,64291,2.5
Group Stage,2011,59740,6.1
16th,1994,56913,1.0
Group Stage,2000,51285,1.7
Semi Final,2000,82867,2.4
Quarter Final,1992,89786,2.8
Semi Final,1981,76330,1.3
Group Stage,1983,65083,9.3
Semi Final,1992,23399,8.3
Final,1990,68727,5.0
Final,1982,43419,6.9
Group Stage,1980,87502,9.8
Final,1993,85467,9.3
32nd,2008,37271,2.7
Semi Final,2009,43310,2.4
Quarter Final,2014,73882,2.6
Quarter Final,2013,55402,8.0
Final,1998,68881,6.0
16th,1994,63827,6.5
Semi Final,2010,46439,6.4
32nd,2000,23580,2.8
Final,2005,65054,9.0
32nd,2014,30677,6.8
32nd,2013,87931,6.0
Group Stage,2005,89530,6.6
16th,2012,31166,1.4
Group Stage,1981,65284,4.0
Group Stage,2011,48697,2.9
Semi Final,2000,67389,6.2
Group Stage,1986,47898,4.9
Semi Final,2012,28158,9.6
Quarter Final,1998,40368,3.1
Quarter Final,1991,79244,9.5
Semi Final,2006,56212,4.3
Semi Final,2002,33923,1.8
Semi Final,2002,49020,5.1
Semi Final,2008,30226,9.5
32nd,2010,80238,2.1
Quarter Final,1988,51968,4.6
32nd,2004,64322,4.4
Semi Final,2004,32530,8.6
32nd,1988,68125,6.7
Semi Final,2002,29919,5.2
32nd,1983,62911,7.7
16th,1996,27054,2.0
Semi Final,1989,32587,8.4
Group Stage,1998,75973,6.3
Final,1990,28023,7.0
32nd,1982,25788,6.4
Quarter Final,1985,28313,1.0
32nd,2008,33797,1.9
Final,1987,54214,5.8
32nd,1984,85426,9.8
Semi Final,2015,22064,2.4
Semi Final,1983,38058,5.6
Group Stage,2002,48402,9.9
Group Stage,2013,50525,2.5
Group Stage,2013,38746,5.8
16th,1980,83087,3.2
Quarter Final,2000,36957,5.1
Final,1992,68989,3.1
Final,1988,27094,9.0
32nd,1983,86685,4.5
Quarter Final,1993,35092,7.3
16th,1990,86747,9.9
16th,1994,71891,4.1
16th,1995,21253,6.1
32nd,1989,65797,4.3
16th,2004,75740,6.6
32nd,2002,49673,8.5
Semi Final,1986,62614,9.5
Quarter Final,2014,62747,2.9
Quarter Final,2001,58571,5.3
16th,1987,81020,7.8
Final,1982,25582,7.2
Final,1997,48369,4.6
32nd,1992,74535,8.0
Quarter Final,2012,37870,2.9
16th,1990,28119,3.9
16th,2009,59952,1.4
Final,1981,74586,9.9
Group Stage,1999,83226,7.9
Group Stage,2005,73156,9.4
Quarter Final,2015,52445,3.5
32nd,2013,70063,9.8
32nd,2003,23561,1.8
Quarter Final,1987,83941,3.9
16th,1995,44411,7.9
32nd,1986,81021,8.9
16th,2010,22488,9.7
Group Stage,1991,71635,4.1
Quarter Final,1991,77196,9.6
Semi Final,1983,64528,3.9
16th,2006,43701,6.7
Group Stage,1991,86896,2.3
Semi Final,1993,54173,7.6
Quarter Final,1989,49519,7.3
Final,2014,39404,3.3
Quarter Final,1989,57621,1.5
Quarter Final,1987,20125,4.0
16th,2011,81077,6.7
Final,2010,83486,9.5
32nd,1981,38026,2.6
Semi Final,1996,68456,4.9
16th,2012,45579,7.9
16th,1980,38904,6.8
16th,2004,56089,7.8
Final,1991,80859,2.0
Semi Final,2001,81572,5.7
Quarter Final,2006,38553,6.5
16th,2004,51095,5.1
32nd,2011,40677,9.0
Final,2004,51391,7.5
16th,2005,31481,4.8
32nd,2008,21270,3.3
Quarter Final,2015,25023,6.9
16th,2008,89771,4.8
Quarter Final,2005,73791,1.8
Quarter Final,2004,51917,1.1
Group Stage,1986,63027,3.8
32nd,1989,44118,1.8
16th,2013,62018,1.1
32nd,2001,39183,4.1
32nd,2013,73004,5.6
16th,2003,30503,4.4
32nd,2002,86791,2.7
Quarter Final,1987,21875,4.5
Final,2002,23321,6.9
Group Stage,2011,52521,7.0
Quarter Final,1981,47152,1.6
16th,1995,32064,6.7
32nd,1981,73605,7.8
Final,1981,26105,4.3
Final,1987,51247,7.4
Quarter Final,2009,70197,4.7
Group Stage,1992,71853,9.3
Semi Final,2000,65439,5.5
Final,1990,87998,3.1
Final,1998,56626,1.2
16th,2013,73601,7.4
32nd,1982,48788,6.9
Final,1980,25240,5.5
Semi Final,2007,61133,4.3
Final,1992,44831,7.6
Group Stage,1990,86729,2.2
Group Stage,2012,44874,1.0
Quarter Final,2007,80542,6.6
Quarter Final,2007,86819,2.8
16th,1981,32921,9.9
16th,2015,66825,6.5
16th,2003,20792,9.2
32nd,2011,79975,7.2
16th,1996,73705,9.5
Semi Final,1998,23865,3.4
Semi Final,2001,25989,2.3
16th,2001,84329,8.0
Semi Final,2003,78746,9.1
16th,1987,38413,6.3
32nd,1984,51321,4.7
Quarter Final,2013,20877,2.6
32nd,2002,50829,4.8
Group Stage,1999,42126,6.0
Final,2004,31218,1.8
16th,2012,82027,3.9
32nd,1984,30881,3.5
32nd,1986,38313,7.5
32nd,2006,31631,4.5
Final,1980,49365,6.1
Quarter Final,1982,85374,8.0
32nd,1985,20587,3.2
Final,1985,30888,9.7
16th,1997,36225,5.1
Final,1983,23033,7.8
Group Stage,2014,47039,9.5
Quarter Final,1983,48467,4.9
16th,2012,32398,5.8
Group Stage,2012,28186,1.3
Quarter Final,2015,29317,4.7
Group Stage,1984,34169,9.6
Semi Final,1999,32192,5.7
Quarter Final,1986,45924,6.0
Quarter Final,2015,65407,1.8
Group Stage,2006,78848,5.7
32nd,2006,56542,2.9
16th,2007,82676,9.9
32nd,2015,75941,8.6
Group Stage,2005,35832,4.0
Final,2004,31947,6.2
Quarter Final,1994,20462,1.4
Group Stage,2001,89784,5.2
16th,1997,31149,3.5
32nd,1990,26300,6.2
16th,1998,63380,9.9
Quarter Final,2007,58617,8.7
16th,1985,27352,1.6
Group Stage,1980,84480,6.7
Final,1987,86308,2.5
Group Stage,2012,64825,1.6
Quarter Final,2006,73524,4.3
16th,1986,25294,1.5
Quarter Final,1998,24846,5.2
Quarter Final,1999,44898,7.9
Group Stage,2012,45750,8.5
Quarter Final,2011,79071,8.7
16th,1989,48115,6.8
Quarter Final,2006,84465,4.4
16th,2011,36562,5.7
32nd,1995,68447,9.2
Final,1996,61298,1.6
32nd,2005,61769,1.3
Final,1989,32691,5.2
32nd,2001,76887,2.9
32nd,1991,52851,7.2
32nd,1986,89912,2.2
Semi Final,1987,58234,9.9
Quarter Final,1994,22018,4.1
Final,1984,60166,2.9
Group Stage,2011,67680,8.8
16th,1983,79578,3.3
Semi Final,1986,84445,7.7
Final,1996,78443,9.5
Group Stage,2010,65711,3.3
Quarter Final,1984,70767,1.0
16th,1999,57331,6.1
Final,1983,74454,2.8
16th,1985,69673,4.8
Group Stage,1995,28254,8.0
Quarter Final,2007,41550,4.9
Group Stage,1986,53459,4.2
Final,1982,55481,8.4
16th,1984,57426,3.8
16th,1997,41861,5.1
Group Stage,1984,84802,6.2
32nd,2000,61484,7.5
Quarter Final,1994,36904,7.8
Semi Final,1991,35899,2.3
Semi Final,2010,52065,8.0
Final,1998,79141,3.2
Semi Final,2014,58070,8.5
32nd,2010,57973,6.2
16th,2015,48241,5.6
Group Stage,1981,71736,9.6
Group Stage,2001,77853,6.4
16th,2012,80390,6.9
Semi Final,2007,74230,3.7
Group Stage,2000,82127,7.9
Quarter Final,1989,82780,5.1
Final,1985,36676,1.9
Semi Final,2005,68236,5.7
Quarter Final,1995,48676,9.8
Quarter Final,1999,51564,9.5
Final,1992,34951,8.4
Final,2005,43453,2.3
Semi Final,1990,20575,7.6
Quarter Final,2014,69818,4.5
Semi Final,2004,69433,6.7
16th,1986,71202,6.5
Group Stage,1998,43913,1.4
Final,1997,87110,9.3
16th,2007,82333,7.6
Final,2002,25861,6.9
32nd,2000,60708,2.4
Quarter Final,1989,43952,5.8
Final,1988,85909,5.6
32nd,1987,24324,2.8
Group Stage,2011,30714,7.3
Semi Final,2004,39953,8.4
32nd,2015,55242,5.0
32nd,2015,44072,6.0
Group Stage,1983,41273,8.6
Semi Final,2002,25754,8.6
Quarter Final,2000,62154,6.0
Final,1985,33746,2.7
Quarter Final,2009,67115,3.3
Quarter Final,2015,25281,2.0
16th,1995,79501,3.3
Semi Final,2015,39810,8.0
32nd,1989,31718,1.6
Final,2000,66987,9.4
Final,1989,55813,8.8
32nd,2002,28724,9.9
32nd,1985,82961,3.3
16th,2007,80429,3.0
16th,2003,86537,3.0
16th,2008,83295,1.3
Final,2002,40412,7.0
Group Stage,1990,71128,9.8
16th,2013,73577,4.7
Group Stage,1987,31715,3.0
32nd,2001,88495,7.6
Final,2005,36703,4.9
Group Stage,1996,74130,7.4
Final,1983,35757,1.7
Semi Final,2002,59801,9.2
16th,1992,37681,7.2
Final,2011,38847,6.2
Group Stage,1983,21897,7.2
16th,1993,34793,3.7
32nd,2013,88152,8.9
Final,2012,83430,9.9
32nd,1984,20445,9.3
Semi Final,2011,63099,4.9
Group Stage,1981,88934,3.8
Quarter Final,2015,67931,8.1
Semi Final,1995,70486,1.4
Semi Final,1980,20789,4.6
Quarter Final,1992,86211,9.4
Final,2015,75062,5.5
Quarter Final,1992,40185,5.9
Group Stage,1982,77818,8.2
Group Stage,2011,49940,6.4
Group Stage,1992,38066,6.4
16th,2013,71751,4.9
32nd,1992,86003,1.8
Quarter Final,1991,26914,9.1
Semi Final,2009,81970,6.8
Quarter Final,1985,36977,1.1
16th,2015,70337,8.1
Semi Final,1986,70441,9.5
32nd,2015,50554,7.9
Group Stage,1981,78020,6.4
Final,1995,85785,5.3
32nd,2010,67459,2.9
Final,2009,82317,2.9
16th,1997,89261,2.3
Final,2009,36746,5.7
16th,1997,57048,5.8
Semi Final,2006,24636,2.8
Quarter Final,2004,35891,6.7
Quarter Final,1996,29047,5.0
16th,1991,72595,8.6
Semi Final,1993,48561,5.1
32nd,1986,85633,5.3
Final,2014,74871,1.4
16th,2005,45490,7.9
32nd,2008,40576,7.4
32nd,1988,35646,7.9
32nd,2002,40984,4.8
Semi Final,1981,84115,7.3
Quarter Final,2006,57817,5.5
Group Stage,1992,22421,5.0
16th,2006,53432,3.1
Group Stage,2000,55758,4.6
32nd,1988,79449,8.9
Final,2011,43460,3.9
Semi Final,1998,39773,6.5
32nd,1985,74664,1.3
32nd,1989,73233,1.3
Quarter Final,1996,37569,7.3
16th,1991,78232,3.6
Semi Final,2013,26371,6.7
Quarter Final,1985,49721,2.7
Semi Final,2007,33957,3.5
Quarter Final,1997,35923,5.0
Group Stage,2003,44570,9.5
16th,1980,89924,8.5
Semi Final,1999,77834,8.2
Quarter Final,1986,43967,9.1
Quarter Final,2008,41741,5.9
Quarter Final,2006,74963,1.2
16th,1998,48315,8.2
Quarter Final,1991,79705,1.0
Semi Final,1989,64594,7.3
Semi Final,1993,45562,3.0
32nd,1980,80342,2.0
32nd,1994,23577,6.2
Semi Final,2010,42871,9.6
32nd,1997,24631,4.8
16th,1984,25669,5.2
Final,1983,28610,6.2
16th,2008,44580,1.3
Quarter Final,1983,74352,5.4
Quarter Final,2005,69200,7.5
32nd,1980,21531,9.1
Final,1983,41896,4.2
Quarter Final,1997,64281,7.6
Quarter Final,1984,69597,2.2
Quarter Final,2001,46929,5.2
16th,2013,65273,2.6
Group Stage,2005,79397,1.9
Final,2014,68334,7.3
32nd,2015,35285,3.0
Final,1993,60246,9.3
16th,1990,64900,3.8
16th,1998,56852,3.4
Quarter Final,1993,85901,2.2
Final,2014,52198,9.2
Quarter Final,2001,38865,10.0
Final,1986,63901,1.7
Quarter Final,1988,79911,6.8
16th,1985,45443,2.1
Semi Final,1997,75997,4.8
Final,2007,80795,3.5
Semi Final,1983,60299,3.1
32nd,1996,31522,2.9
Final,1991,88994,6.8
Final,1998,50298,3.9
16th,1985,41058,3.7
Quarter Final,2011,56519,2.5
32nd,1997,50279,7.1
Group Stage,1992,45383,6.4
32nd,1986,83583,5.7
16th,2000,59150,3.4
Group Stage,2000,79438,6.8
Group Stage,2009,32951,9.7
Final,2009,52565,3.7
Semi Final,1994,36924,6.5
16th,2013,55674,7.9
32nd,1986,24958,4.8
Semi Final,2002,45627,2.7
Semi Final,1997,30645,3.1
Quarter Final,2014,39405,3.9
Semi Final,2008,78774,5.4
16th,1993,53589,8.9
Group Stage,2003,69692,8.4
Final,2011,76813,9.9
16th,2003,66678,1.8
Final,1990,63586,9.2
Group Stage,2002,69516,8.6
Final,2013,42735,2.7
16th,1999,64943,6.4
Group Stage,1982,45464,7.4
32nd,1993,34535,1.3
32nd,1994,56397,5.8
32nd,1980,57272,9.7
Final,2014,38152,5.0
32nd,2004,20073,9.2
Quarter Final,2012,40844,7.3
16th,1995,89924,1.3
Semi Final,2012,56940,7.8
Semi Final,1985,67680,6.9
Final,2002,45900,7.7
Final,2014,31741,5.4
Semi Final,1994,77573,6.6
Final,2003,28907,4.1
Quarter Final,2008,29593,4.5
32nd,1999,27709,6.9
Semi Final,2010,66039,2.9
Final,1993,26337,9.7
Final,1990,40852,5.1
Group Stage,1997,37933,5.8
32nd,2003,63600,3.3
16th,2005,22411,5.9
16th,2000,36075,7.6
Quarter Final,1988,79348,9.4
Group Stage,1989,62505,3.2
Quarter Final,2015,59066,1.9
Group Stage,1994,80146,6.8
Final,1995,36388,9.4
Semi Final,2004,32669,5.8
Final,2002,47517,8.4
32nd,1993,81796,2.5
Quarter Final,2015,29364,8.1
32nd,1996,61634,4.3
Quarter Final,2008,51347,5.7
16th,2012,42581,8.6
Semi Final,1997,35543,7.7
32nd,1991,54650,4.5
Group Stage,1985,75454,4.0
Quarter Final,1981,54567,1.2
Final,1999,61943,9.6
32nd,1982,32125,7.2
Group Stage,2006,30475,6.8
Final,1985,68046,8.6
Group Stage,2014,35151,5.6
Group Stage,2009,21244,8.9
16th,2004,55813,9.9
16th,1992,63132,9.6
16th,2003,81577,2.4
Quarter Final,2010,39112,7.3
Semi Final,2010,65511,9.3
Group Stage,1994,56915,7.7
Quarter Final,1994,38749,6.7
Group Stage,1994,81041,9.7
Semi Final,1990,34561,6.5
32nd,1980,59186,8.9
16th,2011,28308,9.7
Quarter Final,2009,83662,8.8
16th,1991,25615,6.3
Group Stage,1980,79470,4.1
16th,2009,52319,3.9
Quarter Final,1980,81688,1.9
16th,1992,47687,4.2
Final,2006,83634,9.7
Quarter Final,1986,26164,9.7
32nd,2007,67122,4.9
16th,1999,49492,8.2
Final,1986,74199,3.8
32nd,1982,53073,8.0
Quarter Final,1985,59474,6.1
Semi Final,1980,62903,9.4
Group Stage,2012,53319,5.0
Group Stage,2005,53749,1.3
Group Stage,2014,33974,5.8
Group Stage,1980,38076,3.1
Group Stage,2013,62078,2.0
Semi Final,2008,23826,1.4
32nd,2012,76679,5.9
Final,1988,84389,3.2
16th,1993,34844,5.8
Semi Final,1985,54584,8.0
Quarter Final,1980,44292,4.1
Final,2015,40166,3.7
Group Stage,1999,63547,8.3
32nd,1982,24172,2.6
Final,2002,85458,8.6
Group Stage,1984,34251,4.0
Semi Final,1999,53556,5.0
Group Stage,1996,33695,6.1
16th,1986,74451,5.0
Final,2015,80918,7.7
32nd,1988,64795,9.1
32nd,2000,46854,1.2
Final,1984,89590,9.2
Semi Final,1996,60811,1.0
16th,2012,87927,1.3
16th,1998,33372,2.5
16th,1988,31146,4.1
Semi Final,1988,88770,10.0
16th,1999,21885,4.5
Final,2009,63837,6.7
Quarter Final,1986,32764,8.1
Semi Final,1994,53833,6.2
Group Stage,2009,36185,9.0
Group Stage,2006,77051,3.6
Final,2009,70810,2.6
Group Stage,2004,28699,1.8
16th,2010,62620,2.5
32nd,1986,42147,1.4
16th,1991,55582,1.1
32nd,2013,54182,8.1
32nd,1993,68158,4.3
Semi Final,2008,55990,3.4
16th,1988,71337,9.4
Quarter Final,1992,41785,6.1
32nd,2006,26816,4.1
Final,2010,72496,4.2
Group Stage,2008,38056,9.5
Final,2009,72683,7.9
Group Stage,1993,33807,2.9
Quarter Final,1993,69731,2.4
Final,1993,24517,5.8
Semi Final,2000,25382,2.0
Semi Final,2008,44643,8.0
Final,1995,88596,8.2
Semi Final,2007,58919,8.9
Final,2015,34226,3.2
16th,1991,45325,8.0
32nd,2013,46288,1.5
Group Stage,1990,55078,5.8
Final,1996,63942,9.1
16th,1987,79666,4.9
Group Stage,2015,28824,7.4
Quarter Final,2002,77828,4.9
Group Stage,1988,44443,7.2
Group Stage,2010,78087,2.1
Semi Final,1989,87608,7.1
Semi Final,2015,69297,4.1
Semi Final,1985,38068,7.0
Semi Final,2006,65695,6.3
Group Stage,2012,66173,4.4
Quarter Final,1989,23796,2.7
16th,1987,69554,4.7
Quarter Final,1987,24019,9.4
Quarter Final,2008,39741,4.9
Group Stage,1999,73887,4.5
Semi Final,2002,89872,5.9
Quarter Final,1992,29333,5.6
32nd,1997,53700,4.1
32nd,1996,31607,1.1
32nd,2015,32335,7.2
Semi Final,2015,68819,4.0
Final,1989,54354,8.7
Semi Final,2013,83877,1.9
16th,2011,51178,9.9
Semi Final,2002,31803,6.1
Semi Final,1992,24492,2.9
Semi Final,1989,36186,5.9
16th,1981,46921,6.6
Semi Final,1985,50217,7.5
16th,1989,34772,8.7
Semi Final,1992,86168,9.7
16th,1986,26812,4.3
Group Stage,2006,20223,4.7
16th,2014,26938,5.0
Group Stage,2013,33800,3.9
Semi Final,1985,76600,4.6
32nd,2009,86485,4.4
16th,1991,24720,1.3
Semi Final,1989,57778,8.2
Final,1999,54218,8.2
16th,2004,50884,2.7
Quarter Final,1993,48520,3.7
16th,2006,67212,1.1
Group Stage,1992,62680,4.1
16th,1992,32365,9.8
Quarter Final,2007,35433,7.4
Semi Final,1988,60971,10.0
Final,1995,81549,8.2
16th,2009,68513,9.4
Group Stage,2011,52064,2.3
32nd,2008,87880,2.9
32nd,2004,39385,6.7
Semi Final,2003,63584,4.2
32nd,2003,81779,8.3
Group Stage,1987,31026,9.0
Final,1991,57233,3.5
Semi Final,1996,60936,6.7
Group Stage,1999,71578,9.3
Final,1999,24102,6.9
Group Stage,1991,54806,3.9
Group Stage,2014,70395,6.4
Semi Final,2003,73771,8.5
32nd,1998,81517,6.0
Final,1997,66676,4.7
32nd,2014,30590,8.3
Group Stage,2003,66895,2.6
Final,1997,22870,7.4
Final,2011,61008,3.3
Group Stage,2006,73695,4.2
Group Stage,2014,57396,10.0
Final,1987,53978,7.5
Final,1993,52336,1.3
Group Stage,1981,67484,9.4
16th,2003,83003,1.3
Semi Final,1988,77656,9.4
Group Stage,2006,65348,2.6
Semi Final,1981,81953,3.3
Quarter Final,1981,34246,9.0
Group Stage,1987,34787,4.9
Group Stage,2003,67331,1.8
Final,1994,67733,3.6
Final,2005,74751,2.6
Quarter Final,1981,30460,8.7
Final,1986,52579,1.4
Group Stage,2013,45302,3.4
32nd,1993,24710,7.5
Final,1992,79952,8.8
16th,2013,85817,4.2
Semi Final,2014,40779,5.6
Final,1984,51855,4.9
32nd,2001,24099,6.0
32nd,1992,80696,1.3
Semi Final,1987,43496,2.0
Final,2002,50798,5.0
Quarter Final,2012,20416,3.4
Semi Final,1986,86055,6.3
16th,1991,40649,7.4
Quarter Final,2008,62031,7.5
Quarter Final,1999,39885,5.1
16th,1983,72819,7.0
Quarter Final,2002,45753,1.7
32nd,1990,56772,5.4
32nd,2002,23065,9.0
Semi Final,2009,30962,1.6
Quarter Final,1983,77095,8.7
Group Stage,1983,42467,6.0
Semi Final,1984,75277,1.2
Semi Final,1986,58404,1.8
Group Stage,2015,36458,6.8
Final,2005,28803,8.4
32nd,1989,88296,8.1
Group Stage,1985,20463,8.6
Group Stage,1998,83781,1.5
Quarter Final,1983,22922,2.1
Group Stage,2003,29024,7.5
Semi Final,1987,69295,1.9
Final,1986,62091,3.3
32nd,2002,21160,7.9
Final,1984,55745,8.3
Final,1997,53104,4.5
Quarter Final,2007,46813,6.7
Semi Final,1981,56963,9.2
Semi Final,2009,84147,7.6
Quarter Final,1983,44687,3.7
Semi Final,1990,33139,4.9
Quarter Final,2009,25430,5.9
Group Stage,1990,70005,5.5
Semi Final,2014,24755,1.1
Quarter Final,2012,57868,7.2
16th,2000,21691,3.9
32nd,1985,57293,1.5
32nd,2015,77702,6.2
Final,1996,36355,7.5
32nd,1994,36508,3.6
Final,1994,76264,7.4
Group Stage,1998,38017,8.9
Group Stage,1984,55521,1.5
16th,1988,40745,9.1
32nd,2014,51747,1.7
Final,2004,58542,1.9
Group Stage,2003,58437,6.4
32nd,1988,35927,7.6
16th,1995,80638,2.2
Final,1980,85525,8.9
Final,1983,38398,9.1
32nd,1990,53270,3.5
Semi Final,1986,63514,3.1
Semi Final,1994,22058,7.7
Final,1995,49610,9.8
Semi Final,1980,56532,7.4
Semi Final,2006,73776,6.3
16th,2003,48467,8.9
Final,1982,59875,7.7
32nd,2013,53641,4.1
Final,1995,84153,8.8
Group Stage,1994,88745,3.1
32nd,1980,47963,1.3
Semi Final,1983,64514,3.3
Semi Final,1989,76256,8.1
Final,1991,77126,9.4
Group Stage,1984,47795,9.9
Semi Final,1988,30405,4.9
16th,2014,45718,2.1
Quarter Final,1980,26872,7.6
32nd,2007,44730,8.5
Group Stage,1987,61948,5.1
Final,2011,36783,8.1
Quarter Final,2005,31630,8.1
Final,2013,34263,3.3
Final,2007,64593,2.2
32nd,2008,26157,2.5
16th,2008,59802,4.5
Quarter Final,2000,65740,2.2
32nd,2011,52068,7.4
Group Stage,1985,80965,2.8
16th,2012,22726,7.4
Semi Final,1986,21134,6.1
Group Stage,1984,51841,1.1
Quarter Final,1995,70081,4.6
Quarter Final,2013,55170,3.5
16th,1999,42599,8.2
Semi Final,2013,57678,6.7
Semi Final,1996,62485,7.8
16th,1994,32670,7.1
Semi Final,1987,58864,1.3
Final,2007,54778,6.6
32nd,1982,36113,1.7
16th,2000,25224,6.7
Semi Final,1986,60749,6.8
Semi Final,1981,60261,8.5
Quarter Final,2014,60692,6.5
16th,2005,37096,6.6
Group Stage,2015,37256,6.0
32nd,2010,34315,4.1
16th,2013,37052,9.1
Final,1989,72978,3.4
Semi Final,2001,66581,3.5
32nd,2002,41608,7.7
Group Stage,1989,84624,6.2
Group Stage,1985,65159,1.2
16th,1980,61484,1.3
Semi Final,1989,44378,2.0
16th,1986,32680,5.8
16th,2014,43287,6.8
Semi Final,1991,75390,6.1
16th,1991,25676,7.3
Quarter Final,2004,80688,1.4
32nd,1994,86662,9.0
Semi Final,1981,28858,8.6
Final,1993,40256,8.2
16th,2012,37158,3.5
Final,2001,40700,8.0
32nd,2004,28235,3.6
32nd,1988,43309,9.0
Quarter Final,2015,53777,8.5
Quarter Final,2002,22239,1.5
Final,1994,81543,3.4
Semi Final,2013,81071,7.2
Group Stage,2004,32471,4.4
16th,1984,39595,1.9
32nd,2015,67276,5.5
Group Stage,1991,75304,3.1
Group Stage,2010,82848,6.7
Quarter Final,2004,49762,3.0
32nd,2010,84558,6.5
Semi Final,2012,69968,2.6
Quarter Final,1986,67380,7.7
Quarter Final,1997,55015,9.8
Group Stage,2014,23513,6.0
16th,1987,73527,9.4
Group Stage,1990,21598,1.3
Group Stage,1982,24663,7.0
32nd,1998,27339,9.4
Semi Final,1987,76855,5.4
Semi Final,1992,88294,6.0
32nd,1998,87205,6.6
32nd,1991,74656,4.1
32nd,1998,73788,5.5
Quarter Final,2004,59866,3.3
Final,2011,20665,6.4
Final,2010,47038,7.3
16th,2007,78264,4.4
Group Stage,2006,41735,7.1
16th,2011,77936,2.9
Group Stage,1994,48513,7.2
16th,2002,24716,1.9
16th,2000,48352,1.1
16th,1999,52509,9.4
Final,1989,27651,5.2
Quarter Final,1995,75091,9.6
16th,1986,87192,6.1
Group Stage,2006,24294,5.6
16th,1984,52273,8.0
16th,1982,64583,6.8
Group Stage,2015,29820,6.2
16th,2008,51480,5.0
Semi Final,2003,70302,6.1
Semi Final,1992,84480,8.3
32nd,2013,65637,4.6
Final,1985,74168,4.3
Group Stage,2005,71951,8.1
Semi Final,1995,33586,8.4
32nd,2015,28149,9.3
Semi Final,2002,40385,4.5
Semi Final,1997,46391,5.8
Group Stage,1997,26220,3.5
Semi Final,2007,75148,9.2
Final,1991,65284,9.0
Semi Final,1983,34024,3.0
32nd,2002,36057,9.8
Quarter Final,1986,42631,4.7
Group Stage,2010,47723,8.7
Final,1983,66485,9.2
Final,2008,41012,6.2
Semi Final,1991,56629,9.4
16th,1982,45056,2.3
Final,2006,70757,5.9
Semi Final,1995,37512,9.3
Group Stage,1984,65570,4.0
Semi Final,1992,62153,5.3
Semi Final,2001,56205,3.8
Semi Final,2004,88725,6.5
Semi Final,2013,42283,4.7
Quarter Final,2001,78377,9.2
Group Stage,2000,53740,7.6
32nd,2015,52109,1.9
16th,2001,21643,4.1
16th,2000,28677,9.5
16th,2011,76723,2.2
Final,2001,75450,7.7
Quarter Final,1981,27037,4.0
Final,2001,52529,8.6
Semi Final,2015,86716,6.7
32nd,2007,83918,3.3
Group Stage,2010,33034,5.1
16th,1991,74661,8.6
Final,1992,61293,4.5
Group Stage,1984,46891,7.6
16th,1980,63273,5.6
Final,1996,67173,1.6
16th,1997,79533,8.5
Group Stage,1992,88329,8.0
Group Stage,1986,24468,8.4
16th,2003,68623,5.3
Final,2010,86583,4.2
Quarter Final,1995,82809,9.3
16th,2003,27114,3.2
Quarter Final,1999,40770,4.2
Group Stage,2013,58413,2.8
Final,1990,26468,5.0
Semi Final,1980,56578,8.8
Semi Final,2010,84729,8.6
Quarter Final,2006,69169,4.1
Quarter Final,1999,71601,5.7
32nd,1981,59623,6.2
Group Stage,1980,30118,3.3
16th,2007,42130,7.7
16th,2011,53459,4.7
Quarter Final,1996,68115,8.1
Group Stage,2008,68500,4.8
Group Stage,1998,46392,1.4
Semi Final,1986,23199,6.7
Group Stage,1997,66316,5.5
Semi Final,2008,78534,6.1
Final,1992,85426,3.6
32nd,2002,35835,3.4
16th,1987,33747,8.5
16th,1999,48763,6.8
16th,1997,29278,7.3
Group Stage,2012,26363,9.4
32nd,1992,20263,7.3
Semi Final,2015,38902,3.0
Quarter Final,2007,67184,4.8
Group Stage,1980,35816,9.9
Quarter Final,1999,72838,2.2
Quarter Final,2009,74900,8.9
32nd,2011,46115,1.1
Group Stage,2005,61255,5.9
Final,1982,32517,9.9
Quarter Final,2007,41971,3.0
Group Stage,1995,78251,8.5
Quarter Final,2015,59508,1.1
32nd,2006,43481,2.7
32nd,1992,57503,8.8
16th,2007,69838,8.7
Final,1986,68880,9.4
Semi Final,1990,38339,3.0
Final,2002,31329,6.1
Quarter Final,2000,83150,8.2
Semi Final,1987,37637,3.2
Quarter Final,2005,50472,4.7
16th,2012,28305,6.3
Semi Final,2014,58174,8.8
32nd,2009,70859,5.3
Group Stage,2011,72745,1.2
Quarter Final,1985,76300,4.6
32nd,2000,34897,1.5
Semi Final,1985,68356,8.1
32nd,2003,26990,7.2
Group Stage,2011,25009,2.5
Final,1993,58171,3.9
Final,1982,60630,4.5
16th,1994,38114,8.4
16th,2005,69520,4.2
16th,2000,32440,2.5
Semi Final,2004,82595,9.9
Final,1997,74805,4.9
Quarter Final,2003,89414,7.6
16th,2001,40604,3.9
Quarter Final,1998,22166,9.8
Final,1981,77475,9.2
32nd,1992,62704,1.3
Group Stage,1988,58112,5.5
32nd,1997,30378,2.1
Group Stage,1984,68430,2.7
32nd,1980,59417,7.5
Final,2003,55693,2.8
Semi Final,1983,79352,6.3
Quarter Final,2000,58127,5.0
Semi Final,2003,39050,7.7
16th,1981,78159,3.4
16th,1986,49273,7.4
32nd,1992,63152,1.2
32nd,1989,42014,6.4
16th,2005,71907,1.4
Semi Final,1998,78336,2.7
Quarter Final,1981,63964,9.9
16th,1985,36103,4.8
Final,1990,43977,4.9
32nd,2008,57388,4.8
Semi Final,2011,58787,4.9
Semi Final,1998,34677,6.1
16th,2005,23675,6.3
Final,1985,55993,6.8
32nd,2008,50043,6.8
Quarter Final,2009,56553,3.8
Quarter Final,2014,83965,8.2
16th,2007,68393,5.7
Quarter Final,1985,29511,3.9
Group Stage,1982,54558,9.1
Group Stage,1980,68911,8.3
Group Stage,1983,38649,7.3
16th,2015,51921,8.7
Final,1994,45378,4.0
Group Stage,1999,31408,7.2
32nd,2005,76931,2.3
Quarter Final,1986,80631,7.5
16th,1985,39919,5.3
32nd,1990,88885,2.8
Final,1994,42979,3.0
Semi Final,1990,39644,3.1
Quarter Final,1985,28207,6.2
32nd,2002,51294,6.7
Final,2005,32089,8.9
32nd,1994,34498,6.0
Semi Final,2015,50687,7.5
Final,2009,61071,7.6
Final,1999,48741,8.0
Semi Final,1999,53799,6.2
Group Stage,2011,65115,1.6
Quarter Final,2013,81720,6.9
16th,1980,44174,1.4
Semi Final,1989,47473,4.9
Quarter Final,2005,40431,2.9
Semi Final,2006,64889,6.3
Final,2007,36091,3.1
Semi Final,1987,73073,10.0
16th,1999,85599,1.2
Final,1986,71103,6.5
Quarter Final,2004,82255,4.9
Quarter Final,1982,27754,9.9
Semi Final,1983,88384,6.5
Final,1988,80891,5.6
16th,2013,29560,5.7
Final,1984,26852,8.0
Quarter Final,2011,29976,1.7
32nd,1997,60569,1.7
Quarter Final,1982,51528,8.9
16th,1992,20170,4.9
16th,2010,51501,5.9
Semi Final,1995,49045,1.1
32nd,1992,27362,2.3
Semi Final,1987,58347,2.5
Quarter Final,1998,37025,1.1
Quarter Final,1983,34737,5.6
32nd,2006,85538,5.9
Semi Final,2003,65236,3.8
16th,1984,78805,5.4
Semi Final,1989,52648,6.0
Quarter Final,1993,20735,3.9
Semi Final,1998,63914,9.6
Final,1998,43571,9.4
32nd,1987,29802,5.5
16th,1985,59388,2.7
16th,1989,36794,1.6
16th,1990,71614,9.0
Final,1990,82563,5.6
Semi Final,2001,44803,8.3
16th,2004,76378,5.6
Final,2012,53927,9.3
Final,1998,32997,6.2
Quarter Final,1994,61769,7.9
32nd,2014,82307,5.4
16th,1985,50010,9.2
Semi Final,2005,71024,9.3
Semi Final,1984,48127,1.8
32nd,2009,38319,6.7
Quarter Final,1984,66094,2.3
Group Stage,2010,45491,1.5
32nd,1998,80116,5.7
32nd,1990,74641,4.2
16th,1983,76324,7.7
16th,1989,88200,7.8
Quarter Final,2008,44927,8.6
Quarter Final,2013,66565,4.2
16th,2013,31862,2.1
Final,1994,75837,7.8
Final,1999,62534,7.5
Group Stage,2009,69275,5.1
32nd,1999,42099,4.9
Final,1992,21913,6.7
Final,2006,25010,8.9
32nd,1988,34269,8.2
32nd,2003,78479,5.0
Final,1989,77713,9.0
16th,1994,81555,4.9
Group Stage,1992,42382,2.7
Final,2003,53523,8.0
Quarter Final,1996,38419,5.6
32nd,1993,64061,7.2
16th,2012,54527,7.7
Final,1997,72986,9.4
Group Stage,2002,78691,7.8
Quarter Final,2008,33962,9.8
Final,1999,72572,4.5
Quarter Final,2009,67471,9.8
16th,1999,40794,3.4
Quarter Final,2012,51575,2.0
32nd,1991,59968,3.5
Quarter Final,1992,40570,4.8
Final,1989,69590,2.8
Final,1985,62851,8.0
32nd,2006,56249,7.1
16th,2009,33666,7.8
Final,1988,33975,7.0
Semi Final,1982,74687,9.1
Quarter Final,2008,82295,6.9
32nd,1981,53497,3.3
32nd,1994,57254,6.1
Group Stage,1984,38158,1.4
Quarter Final,2000,53067,9.4
Group Stage,2012,20081,4.1
16th,1997,64957,6.8
32nd,2014,58009,5.0
Quarter Final,2008,87758,4.7
Group Stage,2012,87532,5.3
Group Stage,1980,63462,4.6
Group Stage,2011,68093,1.9
Final,1995,65450,7.5
Group Stage,1986,39506,9.7
Semi Final,1991,87363,6.4
Semi Final,1983,29157,7.1
Group Stage,2006,88165,3.8
Semi Final,1987,73701,8.8
16th,1998,36507,3.5
Semi Final,2007,85388,3.9
Semi Final,2013,53882,9.3
32nd,1981,82188,9.5
Group Stage,1999,24770,7.2
Group Stage,1987,46964,6.4
Final,1987,45386,8.6
Quarter Final,1995,60901,3.4
16th,1995,62176,5.9
Group Stage,2013,64238,3.2
Quarter Final,1984,46777,6.7
Quarter Final,2007,78246,7.8
32nd,2001,82628,4.4
16th,1991,24463,4.2
Quarter Final,1996,34853,6.2
16th,1990,89087,4.9
Semi Final,2011,31935,10.0
Final,2010,65673,2.7
Semi Final,2006,56046,5.5
Final,2003,47376,1.1
32nd,1991,34152,7.7
Quarter Final,1997,77431,9.2
32nd,2011,20153,8.8
32nd,2014,49051,6.5
16th,2004,53797,3.8
Semi Final,2011,34753,9.6
16th,2002,38689,7.0
32nd,1980,52063,7.1
Final,2000,78110,6.4
16th,1980,54153,8.8
Semi Final,2000,84886,5.9
32nd,1990,78221,1.1
16th,1993,46293,5.4
Quarter Final,2007,51930,6.4
Semi Final,2008,46764,3.9
16th,2007,82260,3.6
Semi Final,1995,35865,1.5
Group Stage,2014,51491,8.4
16th,1987,44557,9.1
32nd,1995,35314,3.9
Semi Final,1989,77996,3.0
Quarter Final,1997,27696,3.0
Semi Final,2003,86008,6.9
16th,1988,86180,9.5
Quarter Final,1998,40700,7.0
32nd,2014,29117,5.3
Quarter Final,2001,44445,8.0
Group Stage,2003,60897,3.4
Final,2006,33828,7.8
Group Stage,2011,53500,8.3
16th,1983,72219,10.0
Final,1995,26316,6.9
Final,1992,66380,6.0
16th,2006,46323,7.2
Group Stage,2005,41341,9.4
32nd,1998,52969,9.9
Final,1985,67765,7.4
Group Stage,1984,27683,4.4
Quarter Final,1985,47806,3.7
Final,2012,77699,9.1
32nd,1982,83882,8.6
16th,1991,54048,3.1
Group Stage,2006,79574,8.0
Final,2012,48863,4.9
Quarter Final,2014,83640,8.7
32nd,1988,78613,7.8
32nd,1993,20368,8.8
Quarter Final,2008,55604,9.5
Final,2008,41629,5.0
Semi Final,1994,62807,3.6
Semi Final,2009,45394,5.2
Quarter Final,2015,39704,8.1
16th,1989,73520,9.8
32nd,2011,63167,7.8
Final,1981,30809,4.4
Final,2007,75790,6.7
Group Stage,2006,88471,6.0
Semi Final,1993,61593,3.2
Semi Final,1991,52484,8.8
Final,1999,41834,3.0
16th,2006,71590,1.9
Final,2011,31700,6.3
16th,1999,62529,2.9
Semi Final,1988,37532,8.5
Group Stage,1986,44801,9.5
Group Stage,2001,54996,4.9
Final,1985,54203,3.2
Final,1982,78593,9.4
Group Stage,2004,89607,7.1
Group Stage,2003,22674,2.7
16th,2004,79191,7.3
32nd,2013,59309,5.3
Semi Final,1998,89125,6.6
Group Stage,1983,55779,8.6
Group Stage,1992,71947,2.4
Final,1984,78518,7.5
Group Stage,1996,66090,3.7
Group Stage,2009,75407,3.3
Final,2008,51196,7.2
Semi Final,1995,83719,6.1
32nd,1980,65466,6.9
Quarter Final,1999,37446,9.4
Final,1994,46378,2.0
16th,2005,35727,2.3
Group Stage,1996,78979,4.4
16th,1993,52675,2.9
Group Stage,2002,59636,6.4
32nd,2002,41489,4.9
32nd,1980,74548,1.9
Quarter Final,1989,24331,9.2
Final,2000,30401,3.0
16th,2011,89082,8.5
Group Stage,1988,36352,3.9
Quarter Final,1997,54850,4.9
16th,1987,47875,2.3
32nd,2002,60662,9.4
Group Stage,1989,25193,3.9
32nd,1991,88467,9.4
Final,1995,67543,6.6
32nd,1991,85417,4.2
Quarter Final,2012,42654,1.1
Final,2005,70961,3.7
Final,1998,61353,9.5
Final,2014,46687,8.0
16th,2010,69742,5.3
Final,1993,69026,1.7
32nd,2001,57512,6.0
Final,1997,62222,4.8
32nd,1997,89876,2.0
32nd,2000,44800,8.8
Semi Final,1996,85144,3.7
Group Stage,1990,77873,5.6
Semi Final,2002,69030,3.4
16th,1983,23598,3.3
Group Stage,1986,54386,2.5
16th,2013,68922,4.3
32nd,2008,30746,8.8
Final,2005,87752,2.4
Final,1990,38048,2.4
Group Stage,2010,67315,2.9
16th,1980,29552,5.9
Semi Final,1984,62178,8.2
32nd,1990,27307,7.1
16th,2009,88678,9.6
Semi Final,2002,40080,9.4
16th,1985,51731,1.6
Group Stage,1980,58715,8.1
16th,1987,54123,1.6
Group Stage,2011,73425,5.7
Final,1994,65851,1.1
Group Stage,1996,43664,6.5
32nd,2015,36786,3.3
16th,2006,63586,4.4
Final,1986,48107,6.7
16th,1996,73250,3.8
Quarter Final,1980,44942,2.5
Quarter Final,1992,62629,8.4
32nd,1983,28106,4.5
Group Stage,1998,67475,1.3
32nd,2004,63958,7.8
32nd,1995,61100,6.7
Group Stage,1999,37961,5.3
Semi Final,2002,20543,5.3
16th,2010,25501,1.4
Final,2012,68997,4.8
Quarter Final,2014,45506,5.4
32nd,1988,75479,2.7
32nd,2004,27662,1.3
Quarter Final,1997,84283,3.4
Group Stage,2000,31212,8.2
32nd,2005,21189,1.1
32nd,1995,30379,6.6
32nd,1996,82998,9.3
16th,2005,70048,3.7
32nd,2009,67467,9.0
Group Stage,1981,40204,7.2
Final,2014,54740,2.9
Group Stage,1992,82417,6.2
Quarter Final,2006,58061,8.8
16th,1998,76927,2.4
Group Stage,1987,25700,4.3
Quarter Final,1986,22268,5.9
16th,2001,25409,1.9
Quarter Final,2001,46457,7.5
Semi Final,1992,56998,2.0
Quarter Final,1986,76758,4.2
16th,1992,57048,5.6
32nd,1985,53966,7.2
Final,1986,36898,3.0
32nd,1983,62109,9.9
Semi Final,1986,26199,2.5
16th,1981,71070,8.7
32nd,2012,46717,6.2
32nd,2004,42016,5.5
Group Stage,1994,71570,7.2
Group Stage,2012,63148,4.3
Group Stage,2003,49627,3.2
16th,2013,52090,6.3
Quarter Final,1990,55002,4.1
Final,1980,53215,8.7
Quarter Final,2013,33756,4.7
Final,1984,34705,2.1
Group Stage,1996,54470,2.5
16th,1992,66203,3.4
Quarter Final,2012,84187,9.7
Quarter Final,2007,41437,6.5
16th,1998,22481,9.3
16th,1992,82692,4.0
32nd,2011,40861,7.9
Final,2001,37515,9.9
Final,2014,50257,3.7
16th,1996,40000,4.9
Final,1986,89190,8.0
Quarter Final,2009,88263,9.6
Final,2015,22344,1.8
32nd,2001,34700,3.5
32nd,1999,86932,7.4
Semi Final,1983,72185,8.1
32nd,2012,71265,4.7
16th,2008,21191,6.8
Final,2003,75719,9.2
16th,1981,69673,8.0
32nd,2006,48580,9.2
16th,2007,47033,9.0
16th,1999,23551,4.5
Semi Final,1980,65499,8.2
Final,1996,38001,5.2
Final,2011,54002,6.5
16th,2008,75934,9.4
Quarter Final,1983,65659,8.9
16th,1984,70125,6.2
Semi Final,2009,73506,9.6
32nd,2009,56482,4.8
Final,1980,76754,1.6
Semi Final,1992,83287,3.8
Group Stage,1999,86169,4.0
Group Stage,2008,77784,8.5
Group Stage,1988,82827,3.3
16th,1991,30946,8.0
Quarter Final,2004,68861,9.8
Group Stage,2011,25751,8.6
Group Stage,2007,58570,3.0
Group Stage,2006,36237,2.3
16th,2005,77853,3.1
32nd,1997,53403,7.1
Final,1988,30532,1.8
Final,1981,53868,6.7
Final,2003,53494,6.2
Final,2012,89450,3.7
Final,1985,40769,9.7
Group Stage,1994,36980,4.8
32nd,1988,85890,1.0
16th,1987,41215,9.5
Quarter Final,2008,26173,4.8
32nd,2000,56719,9.1
16th,1999,47238,9.3
Semi Final,2011,38958,6.7
32nd,2013,67080,5.1
Semi Final,1998,70194,5.8
Quarter Final,2003,51344,2.9
Semi Final,2014,42574,1.4
Group Stage,2005,22805,9.1
Quarter Final,1981,24540,9.8
32nd,1999,52434,3.2
Quarter Final,1996,34888,4.4
32nd,2005,45366,3.7
16th,2015,50727,3.0
Final,2005,23907,8.8
32nd,1990,73173,4.2
Quarter Final,1999,58485,7.9
Semi Final,2000,37546,2.8
Final,1980,63147,5.6
32nd,2011,25566,2.7
Group Stage,1983,36658,5.5
Group Stage,1993,69759,3.2
Quarter Final,1999,84213,3.1
32nd,2004,44739,6.1
Group Stage,1999,25901,9.3
Group Stage,1999,32766,3.7
Quarter Final,2005,67798,6.1
Group Stage,2014,49699,5.4
32nd,1990,62774,9.8
Final,1987,40266,4.7
Quarter Final,2012,26000,4.6
Quarter Final,2009,29785,8.3
Quarter Final,1988,34301,4.2
Group Stage,1997,74924,8.4
Quarter Final,1984,23734,8.1
Quarter Final,1981,39671,9.6
Quarter Final,1995,26804,5.4
Quarter Final,1999,53951,2.8
Semi Final,2014,49801,6.4
16th,1981,23021,8.3
Semi Final,2004,68511,9.1
Quarter Final,1984,33656,9.3
Semi Final,1999,45707,7.7
Semi Final,1995,77913,5.4
Group Stage,2009,81968,2.7
Group Stage,1995,49781,9.1
Semi Final,2003,39892,9.4
Quarter Final,1986,48409,3.1
Group Stage,2011,66334,9.8
Group Stage,1987,85128,6.5
Semi Final,1992,55659,5.7
16th,2015,78064,3.2
Quarter Final,2014,78045,9.3
Group Stage,1994,35662,1.7
Group Stage,1996,86004,4.9
Quarter Final,1981,36783,8.7
32nd,2011,59872,1.4
Final,1984,84380,2.2
16th,1998,33760,2.0
Final,1984,62097,6.7
32nd,1997,48692,9.4
16th,2005,54342,1.7
Semi Final,1990,71990,6.3
32nd,1990,41494,5.4
16th,2010,43612,2.6
Final,2007,37376,4.0
Quarter Final,2015,78085,6.1
Final,1991,61135,4.7
16th,2006,88956,2.6
Semi Final,2009,85670,5.0
Quarter Final,1980,51153,1.8
16th,2003,34056,7.4
Group Stage,2000,82281,5.4
Group Stage,2014,28854,4.2
Quarter Final,2002,33205,2.5
Quarter Final,1997,20369,1.3
Semi Final,1987,70620,5.7
16th,2004,43977,6.4
16th,1990,61345,1.4
32nd,1997,25789,4.0
Quarter Final,2002,24286,5.6
Semi Final,2004,46861,3.3
16th,1995,81533,4.1
Final,2012,52267,2.2
Quarter Final,1980,20034,2.0
16th,2004,41273,8.5
32nd,1985,39553,7.5
Quarter Final,2005,20006,5.6
16th,2009,39068,9.2
Semi Final,1980,85871,9.6
Quarter Final,2012,89504,1.4
32nd,2011,35355,6.5
32nd,2015,40594,7.2
Final,2014,80479,6.7
Group Stage,2006,65405,2.0
16th,2012,46019,6.4
Final,1988,21267,5.8
Group Stage,1997,41347,2.5
32nd,1989,81855,8.8
Group Stage,2007,63545,5.3
32nd,2003,43181,6.6
Semi Final,2013,40407,5.3
Semi Final,2003,60420,2.6
Final,2004,67688,9.1
Quarter Final,1988,79531,1.9
16th,1988,71371,4.6
Semi Final,1983,48496,4.8
16th,1993,82795,3.8
Final,2011,43842,5.3
Group Stage,2000,51867,7.0
16th,1997,49981,4.0
Quarter Final,1989,86044,3.9
Final,1985,44082,6.4
16th,1987,50165,8.4
Group Stage,2002,65127,5.7
32nd,1986,88862,2.7
Quarter Final,1982,35539,2.8
Quarter Final,2013,47771,4.5
32nd,2004,73604,8.5
Semi Final,2013,52189,2.4
Final,2007,49322,7.0
32nd,1989,69297,3.5
Semi Final,2004,59160,8.3
Group Stage,2003,50334,2.1
Semi Final,1982,75019,9.7
Semi Final,1995,60392,1.7
16th,2014,20418,9.8
16th,1995,29722,7.8
Group Stage,1987,63436,2.2
16th,1996,46481,9.5
Semi Final,2013,89365,8.2
32nd,1989,67649,3.8
16th,2009,79168,2.5
Group Stage,1994,60835,9.5
Group Stage,1990,39664,4.9
Semi Final,1988,77136,6.1
16th,1990,44390,1.1
32nd,1982,40345,2.3
Final,1988,52282,7.3
Final,1994,67470,2.3
Semi Final,2006,24707,5.8
Final,1993,34584,9.5
16th,2009,62293,8.8
16th,2001,36157,2.1
Semi Final,2007,33248,8.7
Final,1990,49201,7.9
16th,1998,84695,9.0
32nd,1982,75508,7.2
Group Stage,1981,60157,7.1
Final,2013,63779,9.9
Quarter Final,2000,77298,3.0
16th,2002,81711,9.3
Final,2007,59091,3.6
Quarter Final,2000,81905,1.5
Semi Final,1989,86671,5.8
32nd,1989,60343,3.6
16th,2009,45609,7.1
Group Stage,2002,80025,1.6
32nd,1980,81221,8.4
Group Stage,1983,87039,9.9
Group Stage,1995,40004,4.4
Quarter Final,2000,76867,8.2
Final,1996,79414,6.8
32nd,2005,80006,4.0
16th,1993,61128,2.3
Final,1992,72269,1.6
Group Stage,1994,38257,5.6
32nd,1987,72817,3.6
Final,2011,58406,2.9
Group Stage,1987,79083,2.5
Final,1991,45550,9.7
32nd,2002,80248,5.4
Group Stage,2008,57084,9.1
Final,1987,51759,6.0
Group Stage,2007,83872,8.6
Final,2015,30095,3.9
Semi Final,2005,52325,2.0
Group Stage,1999,55002,5.2
Quarter Final,1992,75431,1.3
32nd,1982,36979,7.5
32nd,2015,64560,4.0
Quarter Final,1989,63782,6.6
16th,1997,33371,9.4
16th,2014,31718,4.7
Semi Final,2014,27707,7.4
32nd,2006,69383,5.1
Final,2011,78134,6.6
Quarter Final,1997,58133,3.3
32nd,2001,60614,3.7
Final,1991,30274,1.8
Quarter Final,1995,28808,3.4
32nd,2005,61368,6.2
Final,1989,69967,1.5
Final,2001,80552,3.4
32nd,1985,31030,5.4
32nd,1985,69367,3.6
Semi Final,2013,32567,3.9
Semi Final,2015,57183,8.8
Quarter Final,1986,34337,3.7
Quarter Final,1981,45502,2.5
Final,1998,26434,5.8
Quarter Final,2007,82359,4.1
Final,2011,30222,7.3
Group Stage,2002,68567,5.0
16th,1994,39584,8.7
Semi Final,1999,53810,6.2
Group Stage,1998,79015,9.3
16th,1987,75126,2.7
16th,2010,74500,2.7
32nd,2006,39749,8.8
16th,2012,37720,2.4
Quarter Final,1980,67584,1.4
Semi Final,2010,35571,6.1
16th,1980,36838,1.7
Quarter Final,1988,30737,4.8
16th,1989,65515,7.1
Group Stage,2015,58367,4.6
16th,2002,65341,8.3
16th,1998,81954,9.7
Quarter Final,2011,82029,2.5
Group Stage,2010,54521,5.8
Final,1980,72633,6.9
16th,2004,36023,4.2
Group Stage,2012,88039,3.7
16th,1993,50292,1.4
Group Stage,1983,23302,5.6
Semi Final,2007,80226,3.3
Group Stage,2000,47164,2.6
32nd,1999,69361,3.3
Quarter Final,1998,22189,9.8
16th,1999,55886,7.6
Quarter Final,1983,55370,2.9
32nd,2012,30687,5.1
Group Stage,2003,80840,9.3
Semi Final,1989,74598,2.6
Semi Final,2015,62711,4.1
Quarter Final,1985,21726,3.9
Group Stage,1982,65378,6.2
Final,2009,60473,3.8
Quarter Final,1986,41145,7.5
Quarter Final,1998,29051,5.9
Semi Final,2014,20427,6.7
Final,2009,37058,4.1
Quarter Final,1989,67440,5.0
Final,2013,84526,3.3
Semi Final,2003,54396,1.3
Group Stage,2011,41601,2.4
32nd,2006,73133,7.7
Quarter Final,2003,71033,3.8
16th,2015,21783,3.4
Semi Final,2003,54110,1.8
Quarter Final,1998,63481,6.7
32nd,1987,55673,3.0
16th,2010,83917,6.1
32nd,1994,57626,2.4
16th,1988,82428,9.6
32nd,2001,74951,7.8
Semi Final,1996,67049,1.1
Semi Final,2008,30541,1.2
Quarter Final,2015,76695,4.7
Group Stage,1986,54727,4.2
Quarter Final,1986,70933,4.8
16th,1980,76651,3.1
Final,2007,24507,5.5
Final,1995,44255,3.1
32nd,1990,72021,10.0
Quarter Final,2015,44482,3.8
Semi Final,2003,34503,2.7
32nd,2000,65953,4.6
Group Stage,1980,39273,1.2
32nd,2004,35277,9.0
Semi Final,1980,25143,6.1
Semi Final,1989,72580,7.8
Group Stage,1990,72574,4.2
16th,1990,32178,8.7
Group Stage,1995,36738,8.2
Group Stage,1985,33138,3.0
Semi Final,1993,51478,8.6
Quarter Final,2000,69507,6.6
Final,1981,73792,6.4
16th,1991,34546,4.8
32nd,1987,52316,3.9
32nd,1999,52793,9.4
Group Stage,2014,26145,3.6
32nd,1995,47164,7.6
Group Stage,1996,85728,7.1
Final,2014,23766,8.7
Group Stage,1994,87872,2.5
Quarter Final,2006,56792,9.9
16th,1980,38449,9.0
Semi Final,2012,26057,3.5
Group Stage,1990,39776,5.5
32nd,1982,85972,6.5
Quarter Final,2009,51899,9.8
Group Stage,1993,46035,3.7
Final,1995,83362,1.3
32nd,2015,60051,4.1
Quarter Final,1983,42492,3.2
16th,1980,34790,6.7
Semi Final,1984,32937,4.3
32nd,1984,88483,4.6
Semi Final,1989,20197,6.4
Quarter Final,1999,65479,2.6
Final,2012,24812,2.1
32nd,1980,53359,1.6
Final,1987,59511,9.8
32nd,1993,43699,9.4
32nd,2003,30997,2.8
Semi Final,2005,70423,1.1
Final,2011,46733,7.9
Semi Final,2013,58656,3.4
32nd,1998,20238,3.8
32nd,2008,29568,2.3
16th,2002,76223,3.8
Semi Final,2000,74837,8.1
Quarter Final,2008,46059,6.9
Group Stage,1995,73321,7.9
Group Stage,1992,56849,7.6
32nd,2000,85802,4.3
Final,1990,68980,4.0
32nd,1988,39545,5.1
16th,1996,86455,4.3
Quarter Final,2013,54264,3.7
Semi Final,2011,57278,1.4
Semi Final,1980,78606,9.6
Final,2015,79282,5.5
Group Stage,2005,22593,6.2
32nd,2014,46809,6.5
Quarter Final,1980,36854,7.2
Semi Final,1981,42766,6.8
Group Stage,1985,88954,1.7
16th,2006,38100,8.1
16th,1995,50495,9.8
32nd,2010,38898,6.7
32nd,1992,78436,3.5
16th,1996,22204,4.7
32nd,2002,61913,4.8
Final,2010,40451,6.2
Final,1985,58191,8.5
Quarter Final,2003,71810,1.9
Final,1993,54251,9.4
Quarter Final,1983,54017,2.8
Semi Final,2004,79515,3.6
Final,2006,42139,7.6
Final,2002,59709,5.4
Semi Final,2011,28609,4.0
Quarter Final,2010,72036,6.7
Group Stage,2011,48611,8.8
32nd,2007,41612,8.8
Quarter Final,1995,56530,5.1
Group Stage,1984,82806,2.5
Semi Final,1995,55715,8.4
Semi Final,2015,79817,4.9
Group Stage,2001,74079,8.6
Semi Final,1981,64995,2.3
Final,2000,27745,9.9
Final,1991,64453,4.8
Quarter Final,2006,61726,1.6
Group Stage,1989,60331,8.5
Group Stage,1988,45538,2.2
Semi Final,1980,50017,6.9
Semi Final,1989,79860,9.3
16th,2011,85074,5.9
Group Stage,2005,41986,6.9
Semi Final,2004,58056,9.6
16th,1993,65923,5.5
32nd,2003,22114,5.9
32nd,1991,65882,5.2
Semi Final,1999,47860,6.1
16th,1981,52259,7.9
32nd,1984,79980,3.2
Final,1988,87123,6.2
Final,2010,88709,6.5
Semi Final,1998,52568,6.2
32nd,1981,68214,3.0
Group Stage,1989,79377,6.2
32nd,2009,45354,9.4
Group Stage,2015,58845,9.2
Quarter Final,2015,84085,3.8
32nd,2009,39444,3.7
Final,1984,79287,2.6
Quarter Final,1995,27700,8.8
Quarter Final,1981,42525,8.9
Semi Final,2007,51232,6.9
Quarter Final,1981,63274,7.6
32nd,1986,53893,9.3
Final,1985,42115,5.9
Group Stage,1994,44644,5.7
Quarter Final,2005,86925,8.4
Semi Final,1989,51177,5.7
Semi Final,1989,21400,1.9
Final,2012,49867,1.7
Final,2008,86199,3.1
16th,1982,83688,9.9
Group Stage,1992,39167,1.0
Final,1985,55828,1.8
Group Stage,1980,72292,9.5
32nd,1998,42212,3.9
Quarter Final,1993,64002,1.0
Quarter Final,2005,61266,1.6
16th,1981,69928,1.1
Semi Final,1985,59486,7.9
Quarter Final,1988,38485,9.9
16th,1987,62978,3.4
Final,2011,49701,5.9
Quarter Final,1993,33787,5.4
Group Stage,2005,89328,8.7
Quarter Final,1990,80172,3.2
32nd,2012,65871,5.7
Final,1988,68404,5.0
32nd,2001,82055,5.1
Semi Final,1982,39667,8.0
32nd,1991,26417,2.4
Semi Final,1991,66093,8.9
16th,1989,81420,9.7
Group Stage,2006,66980,2.1
Quarter Final,1992,61024,6.5
Quarter Final,2003,46361,3.9
16th,2012,27582,1.9
Group Stage,1987,82743,4.1
Final,1999,52287,6.4
Final,1980,24630,5.0
32nd,2013,28616,5.0
Semi Final,1982,38372,3.8
Group Stage,1985,81328,4.1
Quarter Final,2002,76720,1.1
32nd,1996,49682,5.0
Quarter Final,2012,47426,8.0
Semi Final,1983,60589,1.8
32nd,1981,27401,5.5
Quarter Final,1998,39087,2.2
16th,2004,31904,7.4
32nd,2006,32659,8.7
32nd,2004,62936,2.8
Group Stage,1983,71361,1.5
16th,1983,69871,6.7
16th,1983,52150,4.3
Group Stage,1983,71837,7.5
Final,2011,47874,2.1
Quarter Final,1996,32043,5.8
Group Stage,2000,74931,2.4
32nd,2004,57377,5.3
Quarter Final,1995,44689,2.8
Quarter Final,1982,80312,7.5
Semi Final,1997,72527,7.2
Semi Final,1981,34577,6.6
Final,2008,81813,2.1
Group Stage,1996,22374,3.8
Quarter Final,1993,68478,2.3
16th,2007,67696,2.5
Semi Final,1986,46631,7.3
16th,2001,88692,6.4
Group Stage,1985,26562,9.2
16th,2003,50971,8.6
Final,2002,70797,9.9
Quarter Final,1997,47172,5.8
Group Stage,2007,27094,6.0
Semi Final,2001,35043,2.6
16th,2007,35865,8.4
16th,2005,25976,4.6
Group Stage,2008,56936,8.2
Group Stage,1981,21977,9.4
Semi Final,2008,68616,9.5
16th,2001,22168,3.2
Semi Final,1996,55412,1.4
Final,1990,29784,1.3
Final,1983,66762,6.3
16th,1996,49651,2.8
Quarter Final,2009,38175,4.4
Quarter Final,2005,70260,9.3
Final,2001,84198,2.0
16th,1983,53977,4.1
Group Stage,2000,32931,3.0
Semi Final,2003,60014,4.3
Semi Final,1993,34018,8.0
Final,1992,54047,2.3
Group Stage,1994,46304,4.5
Quarter Final,1986,81749,6.1
Quarter Final,2008,48496,1.2
16th,1983,32207,6.6
16th,1996,43999,2.5
Group Stage,2000,64032,5.9
Semi Final,1989,88277,3.7
Group Stage,2004,39210,7.0
Semi Final,2003,62562,8.1
16th,1998,74068,1.8
16th,2001,46458,5.8
32nd,2000,43729,4.6
Final,1992,72607,3.1
Quarter Final,2010,63192,3.9
32nd,1996,53369,8.8
Quarter Final,1991,27928,1.6
Quarter Final,2013,76351,1.3
Group Stage,2014,35360,6.5
32nd,2012,56361,4.7
Final,1996,66445,7.2
Final,1989,58630,7.9
Semi Final,2014,84526,6.8
32nd,2002,84751,5.1
Group Stage,1989,56671,1.7
Quarter Final,2000,39389,7.7
Semi Final,1996,46235,8.9
32nd,1996,26352,8.9
Quarter Final,2001,44263,8.0
Final,1992,37625,8.2
16th,2004,59172,9.6
Group Stage,1997,30786,7.1
16th,1997,54899,3.3
16th,1991,27980,4.0
Quarter Final,2015,54953,5.9
16th,1988,72887,6.3
Semi Final,2005,58794,4.9
Final,2003,40301,1.5
Group Stage,1994,65320,2.9
Group Stage,1998,85513,3.7
Semi Final,1991,80142,5.4
Group Stage,1987,81002,8.8
16th,1992,33082,1.1
Final,1998,50709,8.9
32nd,1998,49521,7.3
Final,1989,52097,2.0
Final,2005,67008,9.7
Group Stage,1994,37460,6.3
32nd,2000,23725,2.2
16th,1980,45815,7.6
32nd,2012,57716,4.0
Quarter Final,1993,65522,5.6
Semi Final,2001,30703,3.3
Final,1995,65422,9.9
Semi Final,2005,67941,5.7
32nd,1987,63121,6.4
32nd,1997,78708,8.9
Semi Final,1987,58135,6.8
16th,1984,87691,2.7
16th,1999,45107,1.5
16th,2012,51342,8.6
Quarter Final,2002,86269,8.2
Final,2013,65785,8.7
Semi Final,1987,46945,3.1
16th,1994,51039,2.6
Semi Final,2015,69742,4.2
Semi Final,2015,83940,3.6
32nd,1985,52854,8.0
32nd,1984,35183,2.4
Quarter Final,1999,45768,1.6
Group Stage,1993,57641,6.8
32nd,1981,55970,2.8
Semi Final,2009,78100,2.2
Final,1990,43244,4.9
Final,2003,87909,7.5
Semi Final,2015,85183,9.1
Semi Final,2008,46271,6.9
Quarter Final,1982,63982,2.7
16th,2007,62245,5.2
Quarter Final,2005,68417,9.5
Semi Final,1980,67643,9.0
16th,1997,47640,6.2
Group Stage,2012,39413,8.1
Final,1981,60482,2.7
Final,1987,86103,8.7
Group Stage,2013,36210,3.4
Quarter Final,2015,33339,7.8
Semi Final,2001,82428,4.0
16th,2011,58640,9.8
Semi Final,1992,64466,4.8
Group Stage,2005,30878,6.8
Semi Final,2001,55560,3.4
Quarter Final,2003,28026,5.2
Quarter Final,1986,85897,6.5
32nd,1993,52888,3.2
Semi Final,1982,81082,8.2
Semi Final,1987,81202,1.4
Group Stage,1981,55888,4.9
Quarter Final,1999,68799,4.6
Group Stage,1981,76012,1.2
Group Stage,1999,40783,2.1
Group Stage,2015,46518,2.9
32nd,1983,69573,2.2
32nd,2003,35217,5.2
Group Stage,2000,20506,9.0
16th,2015,30101,9.6
Group Stage,1991,23882,8.8
Semi Final,1995,37217,7.6
16th,2014,24155,5.6
Final,2008,61857,1.6
Semi Final,1996,54915,4.7
32nd,2000,30802,1.4
Group Stage,1989,36446,8.4
Final,1986,20073,2.5
Semi Final,1989,56785,7.3
32nd,1998,44273,5.3
32nd,1997,81546,2.7
16th,2003,63342,2.1
32nd,2002,75051,8.7
16th,2013,20445,1.6
Final,2006,48339,7.1
Semi Final,1996,81129,8.8
Group Stage,1995,71229,2.1
16th,2000,70673,7.8
Group Stage,2013,45067,9.6
Quarter Final,2012,45239,3.7
32nd,1990,24563,2.9
16th,2010,67760,3.4
Quarter Final,1981,45588,5.1
Quarter Final,1980,59738,3.4
32nd,2010,47867,4.8
Final,2013,62829,1.9
Group Stage,1996,27058,1.7
Semi Final,2004,78153,1.1
Quarter Final,1990,67330,4.3
Group Stage,1990,36468,6.1
16th,1981,37873,3.5
Semi Final,1986,55423,5.8
Semi Final,1991,44325,1.9
16th,2001,69484,3.6
16th,1994,23525,7.4
Quarter Final,2006,58145,9.8
Group Stage,1980,40908,4.7
Final,2010,49913,9.8
Quarter Final,2008,64864,8.2
Quarter Final,1991,30186,5.8
Semi Final,1995,48353,2.4
32nd,2000,77731,8.4
Final,1989,42274,7.3
Final,2009,57487,7.2
32nd,2004,68996,2.7
Semi Final,1994,85854,8.1
32nd,1997,62755,1.9
Group Stage,1986,69102,1.2
Quarter Final,2005,61974,8.8
Semi Final,2008,74611,5.7
Group Stage,2005,50474,1.8
Final,2008,41071,1.1
Group Stage,1993,67255,4.3
16th,2015,74425,3.7
Final,2004,25172,4.5
Semi Final,2015,51328,9.6
16th,1994,27769,4.6
Group Stage,2001,35088,1.7
Semi Final,2007,86706,4.6
Semi Final,2013,64240,2.9
Final,2008,37420,2.7
Group Stage,2003,22571,8.9
Semi Final,1982,40658,7.6
Quarter Final,2009,29928,2.4
32nd,1982,73408,5.0
16th,1992,43916,6.4
16th,1990,88806,9.3
16th,2002,77133,8.3
Semi Final,1995,42267,5.4
16th,2005,57625,8.0
16th,1992,36687,6.1
Final,1990,50942,1.3
Semi Final,1997,54223,3.2
32nd,2013,54430,7.6
32nd,1994,44510,8.8
Final,2015,62702,6.6
Quarter Final,1990,74946,1.8
Final,2002,71169,3.2
32nd,2011,57362,1.6
Final,1986,80280,9.3
16th,1981,64700,4.3
16th,1983,65929,9.6
Group Stage,2006,32340,4.3
32nd,1997,83116,2.8
16th,1986,23624,5.1
16th,2004,80550,6.5
Final,1988,51524,3.2
Semi Final,2012,46786,9.4
32nd,1994,33899,8.5
Semi Final,1990,59198,6.7
16th,2013,52038,6.4
16th,1987,67597,4.2
32nd,1990,66232,8.7
Quarter Final,2009,61608,2.2
32nd,2010,71003,2.1
Semi Final,1994,49010,8.0
Group Stage,2010,61060,9.1
Semi Final,1983,80462,6.4
16th,1989,47455,5.4
32nd,2010,69252,10.0
Final,2012,75673,1.7
Group Stage,1990,26794,1.2
Semi Final,1988,35056,1.7
32nd,2001,87642,7.1
Semi Final,1985,36464,6.7
Semi Final,1986,30246,4.5
32nd,1980,75776,1.1
Final,2015,72607,1.8
Final,1980,24503,7.7
32nd,1996,64723,4.3
Quarter Final,1992,84255,4.3
Final,2013,36947,5.1
Quarter Final,2007,50559,6.8
Semi Final,2005,45386,1.4
Quarter Final,1997,53183,1.7
16th,2010,37814,6.9
Group Stage,2004,72347,7.8
Semi Final,1997,60412,2.9
Final,1999,87180,6.1
16th,1983,50202,3.8
Quarter Final,2003,48173,3.8
16th,2004,40103,4.1
Group Stage,2006,22723,7.1
Semi Final,2005,44134,8.0
Semi Final,2014,24883,2.7
32nd,2010,33949,6.9
Quarter Final,2009,32449,5.9
Group Stage,2003,26327,6.5
16th,1989,50398,8.4
Final,1992,64598,3.3
16th,1981,84854,3.6
Quarter Final,2007,66694,3.8
Final,1996,53191,8.9
16th,1997,52569,2.8
Final,2013,63578,7.3
Quarter Final,1987,67368,2.9
Semi Final,2004,64176,2.5
16th,2012,58681,5.9
Quarter Final,2012,69673,6.4
Semi Final,1992,39042,1.7
Group Stage,2001,58538,8.1
Final,2007,85220,5.5
16th,1995,41945,1.7
Semi Final,1991,32822,7.3
Quarter Final,1997,72514,2.5
Group Stage,2005,25848,8.0
16th,2010,73946,9.6
Group Stage,2013,31037,8.8
Semi Final,2014,43774,5.2
Group Stage,1997,76187,5.8
Semi Final,2009,30028,2.6
Group Stage,2010,80252,1.7
Quarter Final,1987,54743,8.9
Group Stage,1988,61304,2.4
16th,2003,82301,4.8
Quarter Final,2009,80532,1.3
Quarter Final,1992,59207,7.9
16th,1981,59634,9.7
32nd,1992,22188,3.3
Quarter Final,2004,24790,6.4
Group Stage,2000,29728,6.9
Quarter Final,1988,83257,8.6
Quarter Final,2005,81373,2.4
32nd,1987,82336,4.0
Final,2009,40583,9.4
16th,2010,80034,8.4
16th,1988,60683,6.1
Quarter Final,2001,27167,7.8
Final,2013,64180,6.1
Final,1999,52383,9.4
Final,2006,46002,4.3
Semi Final,2001,40824,3.6
Quarter Final,2002,84262,4.3
Group Stage,1986,75886,4.6
Group Stage,1986,68835,2.8
Quarter Final,2000,52665,9.0
Final,1998,58064,7.3
Final,2014,32310,4.2
32nd,1986,83977,1.9
Group Stage,2003,55111,7.5
Final,2009,41802,8.4
Final,1999,67092,7.9
32nd,2006,65789,1.1
Final,1996,28043,3.4
16th,1991,73305,2.4
Group Stage,1993,89918,3.2
Final,1991,41669,1.5
16th,1986,22872,1.8
Group Stage,1982,25139,8.3
16th,1985,70644,9.0
32nd,1983,65071,9.8
Semi Final,2015,73263,5.7
32nd,1986,27624,6.0
Quarter Final,1999,83340,8.1
32nd,1989,50583,8.7
Final,2011,74659,2.8
Quarter Final,2010,56816,4.7
Quarter Final,1988,55551,5.3
32nd,2014,30859,6.9
Quarter Final,1985,78544,1.0
Quarter Final,2004,21798,2.3
32nd,1986,59796,2.0
16th,1982,64933,6.6
Quarter Final,2003,56373,5.1
Group Stage,1982,80887,3.8
Final,1986,61592,7.6
16th,2010,72869,1.7
32nd,1984,71770,1.4
Semi Final,1997,42937,6.5
32nd,1998,87795,2.7
